[{"Ts":1604085667,"Name":"","Text":"1 connected"},{"Ts":1604085679,"Name":"","Text":"PowerLay connected"},{"Ts":1604085686,"Name":"PowerLay","Text":"Test"},{"Ts":1604085695,"Name":"1","Text":"qq PowerLay"},{"Ts":1604085699,"Name":"PowerLay","Text":"qq"},{"Ts":1604085720,"Name":"PowerLay","Text":"you is ok?"},{"Ts":1604085725,"Name":"1","Text":"Угу"},{"Ts":1604085788,"Name":"","Text":"PowerLay left"},{"Ts":1604085802,"Name":"","Text":"1 left"},{"Ts":1604086142,"Name":"","Text":"PowerLay connected"},{"Ts":1604086147,"Name":"","Text":"1 connected"},{"Ts":1604086157,"Name":"1","Text":"qq"},{"Ts":1604086166,"Name":"","Text":"PowerLay left"},{"Ts":1604086188,"Name":"","Text":"1 left"},{"Ts":1604086238,"Name":"","Text":"PowerLay connected"},{"Ts":1604086241,"Name":"","Text":"1 connected"},{"Ts":1604086245,"Name":"1","Text":"2"},{"Ts":1604086245,"Name":"1","Text":"3"},{"Ts":1604086246,"Name":"1","Text":"4"},{"Ts":1604086260,"Name":"","Text":"PowerLay left"},{"Ts":1604086271,"Name":"","Text":"1 left"},{"Ts":1604086384,"Name":"","Text":"1 connected"},{"Ts":1604086402,"Name":"","Text":"1 left"},{"Ts":1604086675,"Name":"","Text":"PowerLay connected"},{"Ts":1604086678,"Name":"","Text":"1 connected"},{"Ts":1604086702,"Name":"","Text":"1 left"},{"Ts":1604086709,"Name":"","Text":"1 connected"},{"Ts":1604086716,"Name":"","Text":"1 left"},{"Ts":1604086731,"Name":"","Text":"1 connected"},{"Ts":1604086734,"Name":"1","Text":"1"},{"Ts":1604086739,"Name":"PowerLay","Text":"q1"},{"Ts":1604086747,"Name":"","Text":"PowerLay left"},{"Ts":1604086759,"Name":"","Text":"1 left"},{"Ts":1604087164,"Name":"","Text":"1 connected"},{"Ts":1604087177,"Name":"","Text":"1 left"},{"Ts":1604087812,"Name":"","Text":"1 connected"},{"Ts":1604087819,"Name":"","Text":"1 left"},{"Ts":1604088187,"Name":"","Text":"1 connected"},{"Ts":1604088323,"Name":"","Text":"PowerLay connected"},{"Ts":1604088327,"Name":"PowerLay","Text":"1"},{"Ts":1604088605,"Name":"","Text":"1 connected"},{"Ts":1604088610,"Name":"","Text":"PowerLay left"},{"Ts":1604088631,"Name":"","Text":"1 left"},{"Ts":1604088639,"Name":"","Text":"1 connected"},{"Ts":1604088639,"Name":"1","Text":"1"},{"Ts":1604088639,"Name":"1","Text":""},{"Ts":1604088692,"Name":"","Text":"1 connected"},{"Ts":1604088693,"Name":"1","Text":"2"},{"Ts":1604088699,"Name":"","Text":"PowerLay connected"},{"Ts":1604088703,"Name":"PowerLay","Text":"2"},{"Ts":1604088704,"Name":"PowerLay","Text":"3"},{"Ts":1604088705,"Name":"PowerLay","Text":"asd"},{"Ts":1604088707,"Name":"1","Text":"asdasd"},{"Ts":1604088713,"Name":"","Text":"1 left"},{"Ts":1604088723,"Name":"","Text":"PowerLay left"},{"Ts":1604329986,"Name":"","Text":"1 connected"},{"Ts":1604330016,"Name":"","Text":"1 left"},{"Ts":1604330016,"Name":"","Text":"1 connected"},{"Ts":1604330024,"Name":"","Text":"1 left"},{"Ts":1604330077,"Name":"","Text":"1 connected"},{"Ts":1604330108,"Name":"","Text":"2 connected"},{"Ts":1604330111,"Name":"2","Text":"Test"},{"Ts":1604330120,"Name":"","Text":"2 left"},{"Ts":1604330138,"Name":"","Text":"1 left"},{"Ts":1604330303,"Name":"","Text":"1 connected"},{"Ts":1604330305,"Name":"","Text":"2 connected"},{"Ts":1604330309,"Name":"2","Text":"Test"},{"Ts":1604330316,"Name":"","Text":"2 left"},{"Ts":1604330333,"Name":"","Text":"2 connected"},{"Ts":1604330352,"Name":"","Text":"1 left"},{"Ts":1604330381,"Name":"","Text":"1 connected"},{"Ts":1604330391,"Name":"","Text":"2 left"},{"Ts":1604330396,"Name":"","Text":"1 left"},{"Ts":1604330477,"Name":"","Text":"2 connected"},{"Ts":1604330628,"Name":"","Text":"1 connected"},{"Ts":1604330926,"Name":"","Text":"2 left"},{"Ts":1604344401,"Name":"","Text":"1 connected"},{"Ts":1604344411,"Name":"","Text":"1 left"},{"Ts":1608143635,"Name":"","Text":"1 connected"},{"Ts":1608143685,"Name":"1","Text":"123"},{"Ts":1608143693,"Name":"1","Text":"/г"},{"Ts":1608143706,"Name":"1","Text":"Umu."},{"Ts":1608143717,"Name":"1","Text":"ADMIN!"},{"Ts":1608143727,"Name":"","Text":"1 left"},{"Ts":1608143736,"Name":"","Text":"admin connected"},{"Ts":1608143748,"Name":"","Text":"admin left"},{"Ts":1608146831,"Name":"","Text":"1 connected"},{"Ts":1608146848,"Name":"","Text":"1 left"},{"Ts":1608200790,"Name":"","Text":"123 connected"},{"Ts":1608200809,"Name":"123","Text":"/delete"},{"Ts":1608200929,"Name":"","Text":"123 left"},{"Ts":1608575712,"Name":"","Text":"1 connected"},{"Ts":1608575745,"Name":"","Text":"1 left"},{"Ts":1608578176,"Name":"","Text":"Dart Vader connected"},{"Ts":1608578215,"Name":"","Text":"Dart Vader left"},{"Ts":1608579138,"Name":"","Text":"q connected"},{"Ts":1608579163,"Name":"","Text":"12 connected"},{"Ts":1608579168,"Name":"12","Text":"1"},{"Ts":1608579171,"Name":"12","Text":"2"},{"Ts":1608579178,"Name":"","Text":"12 left"},{"Ts":1608580019,"Name":"","Text":"q left"},{"Ts":1608580046,"Name":"","Text":"1 connected"},{"Ts":1608580056,"Name":"","Text":"1 left"},{"Ts":1608580108,"Name":"","Text":"1 connected"},{"Ts":1608580133,"Name":"","Text":"1 left"},{"Ts":1608585055,"Name":"","Text":"йцукен connected"},{"Ts":1608586703,"Name":"","Text":"йцукен left"},{"Ts":1608741726,"Name":"","Text":"Grievous connected"},{"Ts":1608741908,"Name":"","Text":"12 connected"},{"Ts":1608742307,"Name":"Grievous","Text":"(❁´◡`❁)"},{"Ts":1608742317,"Name":"Grievous","Text":"🐱‍🐉"},{"Ts":1608742338,"Name":"Grievous","Text":"(╯°□°）╯︵ ┻━┻"},{"Ts":1608742355,"Name":"Grievous","Text":"🐱‍👤🐱‍👓🐱‍🚀"},{"Ts":1608742364,"Name":"Grievous","Text":"Генерал Кеноби!"},{"Ts":1608742383,"Name":"Grievous","Text":"Уму."},{"Ts":1608742815,"Name":"","Text":"12 left"},{"Ts":1608750232,"Name":"","Text":"Grievous connected"},{"Ts":1608750263,"Name":"","Text":"Grievous left"},{"Ts":1608750783,"Name":"","Text":"Grievous connected"},{"Ts":1608750925,"Name":"","Text":"Grievous left"},{"Ts":1608751658,"Name":"","Text":"Grievous connected"},{"Ts":1608751755,"Name":"","Text":"Grievous left"},{"Ts":1608752818,"Name":"","Text":"Grievous connected"},{"Ts":1608752833,"Name":"","Text":"1234 connected"},{"Ts":1608752838,"Name":"","Text":"Grievous left"},{"Ts":1608752849,"Name":"","Text":"1234 left"},{"Ts":1608753514,"Name":"","Text":"1234 connected"},{"Ts":1608753530,"Name":"","Text":"1234 left"},{"Ts":1608754478,"Name":"","Text":"1234 connected"},{"Ts":1608754484,"Name":"1234","Text":"123"},{"Ts":1608754602,"Name":"","Text":"1234 left"},{"Ts":1608756451,"Name":"","Text":"1234 connected"},{"Ts":1608756539,"Name":"","Text":"1234 left"},{"Ts":1608757542,"Name":"","Text":"1234 connected"},{"Ts":1608757586,"Name":"","Text":"1234 left"},{"Ts":1608757799,"Name":"","Text":"1234 connected"},{"Ts":1608758156,"Name":"","Text":"1234 left"},{"Ts":1608758555,"Name":"","Text":"1234 connected"},{"Ts":1608759164,"Name":"","Text":"1234 left"},{"Ts":1608759335,"Name":"","Text":"1234 connected"},{"Ts":1608759348,"Name":"","Text":"1234 left"},{"Ts":1608840581,"Name":"","Text":"1234 connected"},{"Ts":1608840621,"Name":"","Text":"admin connected"},{"Ts":1608840625,"Name":"","Text":"1234 left"},{"Ts":1608840646,"Name":"","Text":"admin left"},{"Ts":1608841082,"Name":"","Text":"admin connected"},{"Ts":1608841227,"Name":"admin","Text":"🐱‍💻🐱‍💻🐱‍💻"},{"Ts":1608841240,"Name":"","Text":"admin left"},{"Ts":1608842808,"Name":"","Text":"admin connected"},{"Ts":1608842830,"Name":"","Text":"admin left"},{"Ts":1608844103,"Name":"","Text":"admin connected"},{"Ts":1608844126,"Name":"","Text":"admin left"},{"Ts":1608845367,"Name":"","Text":"admin connected"},{"Ts":1608845405,"Name":"","Text":"admin left"},{"Ts":1608845826,"Name":"","Text":"admin connected"},{"Ts":1608845846,"Name":"","Text":"admin left"},{"Ts":1608845948,"Name":"","Text":"admin connected"},{"Ts":1608845966,"Name":"","Text":"admin left"},{"Ts":1608846004,"Name":"","Text":"admin connected"},{"Ts":1608846017,"Name":"","Text":"admin left"},{"Ts":1608846569,"Name":"","Text":"admin connected"},{"Ts":1608846584,"Name":"","Text":"admin left"},{"Ts":1608846648,"Name":"","Text":"admin connected"},{"Ts":1608846655,"Name":"","Text":"admin left"},{"Ts":1608846724,"Name":"","Text":"admin connected"},{"Ts":1608846740,"Name":"","Text":"admin left"},{"Ts":1608846868,"Name":"","Text":"admin connected"},{"Ts":1608846896,"Name":"","Text":"admin left"},{"Ts":1608846996,"Name":"","Text":"admin connected"},{"Ts":1608847005,"Name":"","Text":"admin left"},{"Ts":1608885681,"Name":"","Text":"8 connected"},{"Ts":1608885700,"Name":"","Text":"8 left"},{"Ts":1608886016,"Name":"","Text":"8 connected"},{"Ts":1608886174,"Name":"","Text":"8 left"},{"Ts":1608886882,"Name":"","Text":"1 connected"},{"Ts":1608886903,"Name":"","Text":"1 left"},{"Ts":1608888173,"Name":"","Text":"8 connected"},{"Ts":1608888207,"Name":"","Text":"8 left"},{"Ts":1608888980,"Name":"","Text":"8 connected"},{"Ts":1608889263,"Name":"","Text":"8 left"},{"Ts":1608890340,"Name":"","Text":"8 connected"},{"Ts":1608890348,"Name":"","Text":"8 left"},{"Ts":1608891122,"Name":"","Text":"8 connected"},{"Ts":1608891133,"Name":"","Text":"8 left"},{"Ts":1608891171,"Name":"","Text":"8 connected"},{"Ts":1608891468,"Name":"","Text":"8 left"},{"Ts":1608894252,"Name":"","Text":"1 на связи"},{"Ts":1608894851,"Name":"","Text":"1 не в сети"},{"Ts":1608895654,"Name":"","Text":"1 на связи"},{"Ts":1608895927,"Name":"","Text":"1 не в сети"},{"Ts":1608896424,"Name":"","Text":"1 на связи"},{"Ts":1608896707,"Name":"","Text":"1 не в сети"},{"Ts":1608896921,"Name":"","Text":"1 на связи"},{"Ts":1608897089,"Name":"","Text":"1 не в сети"},{"Ts":1608897873,"Name":"","Text":"1 на связи"},{"Ts":1608897934,"Name":"","Text":"1 не в сети"},{"Ts":1608897947,"Name":"","Text":"1 на связи"},{"Ts":1608897970,"Name":"","Text":"1 не в сети"},{"Ts":1608897989,"Name":"","Text":"1 на связи"},{"Ts":1608898049,"Name":"","Text":"1 не в сети"},{"Ts":1608898075,"Name":"","Text":"1 на связи"},{"Ts":1608898153,"Name":"","Text":"1 не в сети"}]